"quartile","split","left_acc","right_acc","chisq_value","chisq_df","chisq_p","feature","left_feature_value","right_feature_value"
1,1,0.623076923076923,0.426008968609865,18.1130007659429,1,2.08175212866502e-05,"inserting_zero","y","n"
2,1,0.577662721893491,0.765171503957784,43.327443500387,1,4.63043401517455e-11,"places","2v2, 3v3, 4v4","1v1, 1v2, 2v3, 3v4"
3,1,0.611111111111111,0.829535095715588,89.3318569349439,1,3.33839805965516e-21,"transposition","y","n"
3,3,0.782967032967033,0.921409214092141,32.219023347765,1,1.37735565893356e-08,"length_diff","n","y"
3,4,0.720833333333333,0.813524590163934,7.59774890813532,1,0.00584412220685814,"one_digit_diff_not_zero","n","y"
3,4,0.720833333333333,0.813524590163934,7.59774890813532,1,0.00584412220685814,"one_digit_diff_not_zero","y","y"
4,1,0.983183856502242,0.912262156448203,44.3550277569556,1,2.73907639132994e-11,"places","1v1, 1v2, 2v2, 2v3, 3v4","3v3, 4v4"
4,2,0.989145183175034,0.954838709677419,7.1595278458788,1,0.00745668223008924,"transposition","n","y"
4,5,0.85427135678392,0.927710843373494,9.69085948345857,1,0.00185186898362462,"bigger_places","4","3"
